[
    {"Name": "FreeSpace", "Type": "object"},
    {"Name": "OnePointerFiller", "Type": "object"},
    {"Name": "TwoPointerFiller", "Type": "object"},
    {"Name": "UninitializedValue", "Type": "object"},
    {"Name": "UndefinedValue", "Type": "None"},
    {"Name": "TheHoleValue", "Type": "object"},
    {"Name": "NullValue", "Type": "object"},
    {"Name": "TrueValue", "Type": "bool"},
    {"Name": "FalseValue", "Type": "bool"},
    {"Name": "empty_string", "Type": "str"},
    {"Name": "Meta", "Type": "object"},
    {"Name": "ByteArray", "Type": "object"},
    {"Name": "FixedArray", "Type": "object"},
    {"Name": "FixedCOWArray", "Type": "object"},
    {"Name": "HashTable", "Type": "object"},
    {"Name": "Symbol", "Type": "object"},
    {"Name": "OneByteString", "Type": "object"},
    {"Name": "OneByteInternalizedString", "Type": "object"},
    {"Name": "ScopeInfo", "Type": "object"},
    {"Name": "SharedFunctionInfo", "Type": "object"},
    {"Name": "Code", "Type": "object"},
    {"Name": "FunctionContext", "Type": "object"},
    {"Name": "Cell", "Type": "object"},
    {"Name": "WeakCell", "Type": "object"},
    {"Name": "GlobalPropertyCell", "Type": "object"},
    {"Name": "Foreign", "Type": "object"},
    {"Name": "HeapNumber", "Type": "object"},
    {"Name": "TransitionArray", "Type": "object"},
    {"Name": "FeedbackVector", "Type": "object"},
    {"Name": "EmptyScopeInfo", "Type": "list"},
    {"Name": "EmptyFixedArray", "Type": "list"},
    {"Name": "EmptyDescriptorArray", "Type": "list"},
    {"Name": "ArgumentsMarker", "Type": "object"},
    {"Name": "Exception", "Type": "object"},
    {"Name": "TerminationException", "Type": "object"},
    {"Name": "OptimizedOut", "Type": "object"},
    {"Name": "StaleRegister", "Type": "object"},
    {"Name": "NativeContext", "Type": "object"},
    {"Name": "ModuleContext", "Type": "object"},
    {"Name": "EvalContext", "Type": "object"},
    {"Name": "ScriptContext", "Type": "object"},
    {"Name": "BlockContext", "Type": "object"},
    {"Name": "CatchContext", "Type": "object"},
    {"Name": "WithContext", "Type": "object"},
    {"Name": "DebugEvaluateContext", "Type": "object"},
    {"Name": "ScriptContextTable", "Type": "object"},
    {"Name": "FixedDoubleArray", "Type": "object"},
    {"Name": "MutableHeapNumber", "Type": "object"},
    {"Name": "OrderedHashTable", "Type": "object"},
    {"Name": "UnseededNumberDictionary", "Type": "object"},
    {"Name": "SloppyArgumentsElements", "Type": "object"},
    {"Name": "SmallOrderedHashMap", "Type": "object"},
    {"Name": "SmallOrderedHashSet", "Type": "object"},
    {"Name": "JSMessageObject", "Type": "object"},
    {"Name": "External", "Type": "object"},
    {"Name": "BytecodeArray", "Type": "object"},
    {"Name": "ModuleInfo", "Type": "object"},
    {"Name": "NoClosuresCell", "Type": "object"},
    {"Name": "OneClosureCell", "Type": "object"},
    {"Name": "ManyClosuresCell", "Type": "object"},
    {"Name": "PropertyArray", "Type": "object"},
    {"Name": "NativeSourceString", "Type": "object"},
    {"Name": "String", "Type": "object"},
    {"Name": "ConsOneByteString", "Type": "object"},
    {"Name": "ConsString", "Type": "object"},
    {"Name": "ThinOneByteString", "Type": "object"},
    {"Name": "ThinString", "Type": "object"},
    {"Name": "SlicedString", "Type": "object"},
    {"Name": "SlicedOneByteString", "Type": "object"},
    {"Name": "ExternalString", "Type": "object"},
    {"Name": "ExternalStringWithOneByteData", "Type": "object"},
    {"Name": "ExternalOneByteString", "Type": "object"},
    {"Name": "ShortExternalString", "Type": "object"},
    {"Name": "ShortExternalStringWithOneByteData", "Type": "object"},
    {"Name": "InternalizedString", "Type": "object"},
    {"Name": "ExternalInternalizedString", "Type": "object"},
    {"Name": "ExternalInternalizedStringWithOneByteData", "Type": "object"},
    {"Name": "ExternalOneByteInternalizedString", "Type": "object"},
    {"Name": "ShortExternalInternalizedString", "Type": "object"},
    {"Name": "ShortExternalInternalizedStringWithOneByteData", "Type": "object"},
    {"Name": "ShortExternalOneByteInternalizedString", "Type": "object"},
    {"Name": "ShortExternalOneByteString", "Type": "object"},
    {"Name": "FixedUint8Array", "Type": "object"},
    {"Name": "FixedInt8Array", "Type": "object"},
    {"Name": "FixedUint16Array", "Type": "object"},
    {"Name": "FixedInt16Array", "Type": "object"},
    {"Name": "FixedUint32Array", "Type": "object"},
    {"Name": "FixedInt32Array", "Type": "object"},
    {"Name": "FixedFloat32Array", "Type": "object"},
    {"Name": "FixedFloat64Array", "Type": "object"},
    {"Name": "FixedUint8ClampedArray", "Type": "object"},
    {"Name": "Undefined", "Type": "object"},
    {"Name": "TheHole", "Type": "object"},
    {"Name": "Null", "Type": "object"},
    {"Name": "Boolean", "Type": "object"},
    {"Name": "Uninitialized", "Type": "object"},
    {"Name": "ArgumentsMarker", "Type": "object"},
    {"Name": "Exception", "Type": "object"},
    {"Name": "TerminationException", "Type": "object"},
    {"Name": "OptimizedOut", "Type": "object"},
    {"Name": "StaleRegister", "Type": "object"},
    {"Name": "EmptyPropertyArray", "Type": "list"},
    {"Name": "EmptyByteArray", "Type": "list"},
    {"Name": "EmptyFixedUint8Array", "Type": "list"},
    {"Name": "EmptyFixedInt8Array", "Type": "list"},
    {"Name": "EmptyFixedUint16Array", "Type": "list"},
    {"Name": "EmptyFixedInt16Array", "Type": "list"},
    {"Name": "EmptyFixedUint32Array", "Type": "list"},
    {"Name": "EmptyFixedInt32Array", "Type": "list"},
    {"Name": "EmptyFixedFloat32Array", "Type": "list"},
    {"Name": "EmptyFixedFloat64Array", "Type": "list"},
    {"Name": "EmptyFixedUint8ClampedArray", "Type": "list"},
    {"Name": "EmptyScript", "Type": "object"},
    {"Name": "UndefinedCell", "Type": "object"},
    {"Name": "EmptySloppyArgumentsElements", "Type": "list"},
    {"Name": "EmptySlowElementDictionary", "Type": "set"},
    {"Name": "EmptyOrderedHashTable", "Type": "set"},
    {"Name": "EmptyPropertyCell", "Type": "object"},
    {"Name": "EmptyWeakCell", "Type": "object"},
    {"Name": "NoOpInterceptorInfo", "Type": "object"},
    {"Name": "ArrayProtector", "Type": "object"},
    {"Name": "IsConcatSpreadableProtector", "Type": "object"},
    {"Name": "SpeciesProtector", "Type": "object"},
    {"Name": "StringLengthProtector", "Type": "object"},
    {"Name": "FastArrayIterationProtector", "Type": "object"},
    {"Name": "ArrayIteratorProtector", "Type": "object"},
    {"Name": "ArrayBufferNeuteringProtector", "Type": "object"},
    {"Name": "NanValue", "Type": "float"},
    {"Name": "HoleNanValue", "Type": "float"},
    {"Name": "InfinityValue", "Type": "float"},
    {"Name": "MinusZeroValue", "Type": "float"},
    {"Name": "MinusInfinityValue", "Type": "float"},
    {"Name": "NumberStringCache", "Type": "list"},
    {"Name": "SingleCharacterStringCache", "Type": "list"},
    {"Name": "StringSplitCache", "Type": "list"},
    {"Name": "RegExpMultipleCache", "Type": "list"},
    {"Name": "EmptyPropertyDictionary", "Type": "set"},
    {"Name": "PublicSymbolTable", "Type": "set"},
    {"Name": "ApiSymbolTable", "Type": "set"},
    {"Name": "ApiPrivateSymbolTable", "Type": "set"},
    {"Name": "ScriptList", "Type": "list"},
    {"Name": "CodeStubs", "Type": "set"},
    {"Name": "MaterializedObjects", "Type": "list"},
    {"Name": "MicrotaskQueue", "Type": "list"},
    {"Name": "DetachedContexts", "Type": "list"},
    {"Name": "RetainingPathTargets", "Type": "None"},
    {"Name": "RetainedMaps", "Type": "list"},
    {"Name": "WeakObjectToCodeTable", "Type": "set"},
    {"Name": "WeakNewSpaceObjectToCodeList", "Type": "list"},
    {"Name": "CodeCoverageList", "Type": "None"},
    {"Name": "WeakStackTraceList", "Type": "int"},
    {"Name": "NoScriptSharedFunctionInfos", "Type": "list"},
    {"Name": "SerializedTemplates", "Type": "list"},
    {"Name": "SerializedGlobalProxySizes", "Type": "list"},
    {"Name": "MessageListeners", "Type": "list"},
    {"Name": "HashSeed", "Type": "list"},
    {"Name": "JSPromiseCapability", "Type": "object"},
    {"Name": "JsEntryCode", "Type": "callable"},
    {"Name": "JsConstructEntryCode", "Type": "callable"},
    {"Name": "(anonymous function)", "Type": "str"},
    {"Name": "anonymous", "Type": "str"},
    {"Name": "add", "Type": "str"},
    {"Name": "apply", "Type": "str"},
    {"Name": "arguments", "Type": "str"},
    {"Name": "Arguments", "Type": "str"},
    {"Name": "[object Arguments]", "Type": "str"},
    {"Name": "Array", "Type": "str"},
    {"Name": "Array Iterator", "Type": "str"},
    {"Name": "assign", "Type": "str"},
    {"Name": "async", "Type": "str"},
    {"Name": "await", "Type": "str"},
    {"Name": "[object Array]", "Type": "str"},
    {"Name": "[object Boolean]", "Type": "str"},
    {"Name": "[object Date]", "Type": "str"},
    {"Name": "[object Error]", "Type": "str"},
    {"Name": "[object Function]", "Type": "str"},
    {"Name": "[object Number]", "Type": "str"},
    {"Name": "[object Object]", "Type": "str"},
    {"Name": "[object RegExp]", "Type": "str"},
    {"Name": "[object String]", "Type": "str"},
    {"Name": "bind", "Type": "str"},
    {"Name": "boolean", "Type": "str"},
    {"Name": "Boolean", "Type": "str"},
    {"Name": "bound ", "Type": "str"},
    {"Name": "buffer", "Type": "str"},
    {"Name": "byteLength", "Type": "str"},
    {"Name": "byteOffset", "Type": "str"},
    {"Name": "call", "Type": "str"},
    {"Name": "callee", "Type": "str"},
    {"Name": "caller", "Type": "str"},
    {"Name": "%cell_value", "Type": "str"},
    {"Name": "CharAt", "Type": "str"},
    {"Name": "(closure)", "Type": "str"},
    {"Name": "column", "Type": "str"},
    {"Name": "configurable", "Type": "str"},
    {"Name": "constructor", "Type": "str"},
    {"Name": "construct", "Type": "str"},
    {"Name": "create", "Type": "str"},
    {"Name": "currency", "Type": "str"},
    {"Name": "Date", "Type": "str"},
    {"Name": "dayperiod", "Type": "str"},
    {"Name": "day", "Type": "str"},
    {"Name": "decimal", "Type": "str"},
    {"Name": "default", "Type": "str"},
    {"Name": "defineProperty", "Type": "str"},
    {"Name": "deleteProperty", "Type": "str"},
    {"Name": "didHandle", "Type": "str"},
    {"Name": "displayName", "Type": "str"},
    {"Name": "done", "Type": "str"},
    {"Name": "dotAll", "Type": "str"},
    {"Name": ".catch", "Type": "str"},
    {"Name": ".for", "Type": "str"},
    {"Name": ".generator_object", "Type": "str"},
    {"Name": ".iterator", "Type": "str"},
    {"Name": ".result", "Type": "str"},
    {"Name": ".switch_tag", "Type": "str"},
    {"Name": ".", "Type": "str"},
    {"Name": "exec", "Type": "str"},
    {"Name": "entries", "Type": "str"},
    {"Name": "enqueue", "Type": "str"},
    {"Name": "enumerable", "Type": "str"},
    {"Name": "era", "Type": "str"},
    {"Name": "Error", "Type": "str"},
    {"Name": "eval", "Type": "str"},
    {"Name": "EvalError", "Type": "str"},
    {"Name": "false", "Type": "str"},
    {"Name": "flags", "Type": "str"},
    {"Name": "fraction", "Type": "str"},
    {"Name": "function", "Type": "str"},
    {"Name": "Function", "Type": "str"},
    {"Name": "Generator", "Type": "str"},
    {"Name": "getOwnPropertyDescriptor", "Type": "str"},
    {"Name": "getOwnPropertyDescriptors", "Type": "str"},
    {"Name": "getPrototypeOf", "Type": "str"},
    {"Name": "get", "Type": "str"},
    {"Name": "get ", "Type": "str"},
    {"Name": "global", "Type": "str"},
    {"Name": "group", "Type": "str"},
    {"Name": "groups", "Type": "str"},
    {"Name": "has", "Type": "str"},
    {"Name": "hour", "Type": "str"},
    {"Name": "ignoreCase", "Type": "str"},
    {"Name": "illegal access", "Type": "str"},
    {"Name": "illegal argument", "Type": "str"},
    {"Name": "index", "Type": "str"},
    {"Name": "infinity", "Type": "str"},
    {"Name": "Infinity", "Type": "str"},
    {"Name": "integer", "Type": "str"},
    {"Name": "input", "Type": "str"},
    {"Name": "isExtensible", "Type": "str"},
    {"Name": "isView", "Type": "str"},
    {"Name": "KeyedLoadMonomorphic", "Type": "str"},
    {"Name": "KeyedStoreMonomorphic", "Type": "str"},
    {"Name": "keys", "Type": "str"},
    {"Name": "lastIndex", "Type": "str"},
    {"Name": "length", "Type": "str"},
    {"Name": "let", "Type": "str"},
    {"Name": "line", "Type": "str"},
    {"Name": "literal", "Type": "str"},
    {"Name": "Map", "Type": "str"},
    {"Name": "message", "Type": "str"},
    {"Name": "-Infinity", "Type": "str"},
    {"Name": "-0", "Type": "str"},
    {"Name": "minusSign", "Type": "str"},
    {"Name": "minute", "Type": "str"},
    {"Name": "Module", "Type": "str"},
    {"Name": "month", "Type": "str"},
    {"Name": "multiline", "Type": "str"},
    {"Name": "name", "Type": "str"},
    {"Name": "native", "Type": "str"},
    {"Name": "nan", "Type": "str"},
    {"Name": "NaN", "Type": "str"},
    {"Name": ".new.target", "Type": "str"},
    {"Name": "next", "Type": "str"},
    {"Name": "NFC", "Type": "str"},
    {"Name": "NFD", "Type": "str"},
    {"Name": "NFKC", "Type": "str"},
    {"Name": "NFKD", "Type": "str"},
    {"Name": "not-equal", "Type": "str"},
    {"Name": "null", "Type": "str"},
    {"Name": "[object Null]", "Type": "str"},
    {"Name": "number", "Type": "str"},
    {"Name": "Number", "Type": "str"},
    {"Name": "object", "Type": "str"},
    {"Name": "Object", "Type": "str"},
    {"Name": "ok", "Type": "str"},
    {"Name": "1", "Type": "str"},
    {"Name": "ownKeys", "Type": "str"},
    {"Name": "percentSign", "Type": "str"},
    {"Name": "plusSign", "Type": "str"},
    {"Name": "position", "Type": "str"},
    {"Name": "preventExtensions", "Type": "str"},
    {"Name": "Promise", "Type": "str"},
    {"Name": "PromiseResolveThenableJob", "Type": "str"},
    {"Name": "promise", "Type": "str"},
    {"Name": "__proto__", "Type": "str"},
    {"Name": "prototype", "Type": "str"},
    {"Name": "Proxy", "Type": "str"},
    {"Name": "(?:)", "Type": "str"},
    {"Name": "RangeError", "Type": "str"},
    {"Name": "ReferenceError", "Type": "str"},
    {"Name": "RegExp", "Type": "str"},
    {"Name": "reject", "Type": "str"},
    {"Name": "resolve", "Type": "str"},
    {"Name": "return", "Type": "str"},
    {"Name": "script", "Type": "str"},
    {"Name": "second", "Type": "str"},
    {"Name": "setPrototypeOf", "Type": "str"},
    {"Name": "set ", "Type": "str"},
    {"Name": "set", "Type": "str"},
    {"Name": "Set", "Type": "str"},
    {"Name": "source_mapping_url", "Type": "str"},
    {"Name": "source", "Type": "str"},
    {"Name": "sourceText", "Type": "str"},
    {"Name": "source_url", "Type": "str"},
    {"Name": "stack", "Type": "str"},
    {"Name": "stackTraceLimit", "Type": "str"},
    {"Name": "*default*", "Type": "str"},
    {"Name": "sticky", "Type": "str"},
    {"Name": "string", "Type": "str"},
    {"Name": "String", "Type": "str"},
    {"Name": "symbol", "Type": "str"},
    {"Name": "Symbol", "Type": "str"},
    {"Name": "[Symbol.species]", "Type": "str"},
    {"Name": "SyntaxError", "Type": "str"},
    {"Name": "then", "Type": "str"},
    {"Name": ".this_function", "Type": "str"},
    {"Name": "this", "Type": "str"},
    {"Name": "throw", "Type": "str"},
    {"Name": "timed-out", "Type": "str"},
    {"Name": "timeZoneName", "Type": "str"},
    {"Name": "toJSON", "Type": "str"},
    {"Name": "toString", "Type": "str"},
    {"Name": "true", "Type": "str"},
    {"Name": "TypeError", "Type": "str"},
    {"Name": "type", "Type": "str"},
    {"Name": "CompileError", "Type": "str"},
    {"Name": "LinkError", "Type": "str"},
    {"Name": "RuntimeError", "Type": "str"},
    {"Name": "undefined", "Type": "str"},
    {"Name": "[object Undefined]", "Type": "str"},
    {"Name": "unicode", "Type": "str"},
    {"Name": "use asm", "Type": "str"},
    {"Name": "use strict", "Type": "str"},
    {"Name": "URIError", "Type": "str"},
    {"Name": "valueOf", "Type": "str"},
    {"Name": "values", "Type": "str"},
    {"Name": "value", "Type": "str"},
    {"Name": "WeakMap", "Type": "str"},
    {"Name": "WeakSet", "Type": "str"},
    {"Name": "weekday", "Type": "str"},
    {"Name": "willHandle", "Type": "str"},
    {"Name": "writable", "Type": "str"},
    {"Name": "year", "Type": "str"},
    {"Name": "0", "Type": "str"},
    {"Name": "WasmExceptionTag", "Type": "str"},
    {"Name": "array_iteration_kind_symbol", "Type": "callable"},
    {"Name": "array_iterator_next_symbol", "Type": "callable"},
    {"Name": "array_iterator_object_symbol", "Type": "callable"},
    {"Name": "call_site_frame_array_symbol", "Type": "callable"},
    {"Name": "call_site_frame_index_symbol", "Type": "callable"},
    {"Name": "console_context_id_symbol", "Type": "callable"},
    {"Name": "console_context_name_symbol", "Type": "callable"},
    {"Name": "class_end_position_symbol", "Type": "callable"},
    {"Name": "class_start_position_symbol", "Type": "callable"},
    {"Name": "detailed_stack_trace_symbol", "Type": "callable"},
    {"Name": "elements_transition_symbol", "Type": "callable"},
    {"Name": "error_end_pos_symbol", "Type": "callable"},
    {"Name": "error_script_symbol", "Type": "callable"},
    {"Name": "error_start_pos_symbol", "Type": "callable"},
    {"Name": "frozen_symbol", "Type": "callable"},
    {"Name": "generic_symbol", "Type": "callable"},
    {"Name": "home_object_symbol", "Type": "callable"},
    {"Name": "intl_initialized_marker_symbol", "Type": "callable"},
    {"Name": "intl_pattern_symbol", "Type": "callable"},
    {"Name": "intl_resolved_symbol", "Type": "callable"},
    {"Name": "megamorphic_symbol", "Type": "callable"},
    {"Name": "native_context_index_symbol", "Type": "callable"},
    {"Name": "nonextensible_symbol", "Type": "callable"},
    {"Name": "not_mapped_symbol", "Type": "callable"},
    {"Name": "premonomorphic_symbol", "Type": "callable"},
    {"Name": "promise_async_stack_id_symbol", "Type": "callable"},
    {"Name": "promise_debug_marker_symbol", "Type": "callable"},
    {"Name": "promise_forwarding_handler_symbol", "Type": "callable"},
    {"Name": "promise_handled_by_symbol", "Type": "callable"},
    {"Name": "promise_async_id_symbol", "Type": "callable"},
    {"Name": "promise_default_resolve_handler_symbol", "Type": "callable"},
    {"Name": "promise_default_reject_handler_symbol", "Type": "callable"},
    {"Name": "sealed_symbol", "Type": "callable"},
    {"Name": "stack_trace_symbol", "Type": "callable"},
    {"Name": "strict_function_transition_symbol", "Type": "callable"},
    {"Name": "wasm_function_index_symbol", "Type": "callable"},
    {"Name": "wasm_instance_symbol", "Type": "callable"},
    {"Name": "uninitialized_symbol", "Type": "callable"},
    {"Name": "Symbol.asyncIterator", "Type": "callable"},
    {"Name": "Symbol.iterator", "Type": "callable"},
    {"Name": "IntlFallback", "Type": "callable"},
    {"Name": "Symbol.match", "Type": "callable"},
    {"Name": "Symbol.replace", "Type": "callable"},
    {"Name": "Symbol.search", "Type": "callable"},
    {"Name": "Symbol.species", "Type": "callable"},
    {"Name": "Symbol.split", "Type": "callable"},
    {"Name": "Symbol.toPrimitive", "Type": "callable"},
    {"Name": "Symbol.unscopables", "Type": "callable"},
    {"Name": "Symbol.hasInstance", "Type": "callable"},
    {"Name": "Symbol.isConcatSpreadable", "Type": "callable"},
    {"Name": "Symbol.toStringTag", "Type": "callable"},
    {"Name": "AccessorInfo", "Type": "object"},
    {"Name": "AccessorPair", "Type": "object"},
    {"Name": "AccessCheckInfo", "Type": "object"},
    {"Name": "InterceptorInfo", "Type": "object"},
    {"Name": "FunctionTemplateInfo", "Type": "object"},
    {"Name": "ObjectTemplateInfo", "Type": "object"},
    {"Name": "AllocationSite", "Type": "object"},
    {"Name": "AllocationMemento", "Type": "object"},
    {"Name": "Script", "Type": "object"},
    {"Name": "AliasedArgumentsEntry", "Type": "object"},
    {"Name": "PromiseResolveThenableJobInfo", "Type": "object"},
    {"Name": "PromiseReactionJobInfo", "Type": "object"},
    {"Name": "DebugInfo", "Type": "object"},
    {"Name": "StackFrameInfo", "Type": "object"},
    {"Name": "PrototypeInfo", "Type": "object"},
    {"Name": "Tuple2", "Type": "object"},
    {"Name": "Tuple3", "Type": "object"},
    {"Name": "ContextExtension", "Type": "object"},
    {"Name": "Module", "Type": "object"},
    {"Name": "ModuleInfoEntry", "Type": "object"},
    {"Name": "AsyncGeneratorRequest", "Type": "object"},
    {"Name": "StringTable", "Type": "set"},
    {"Name": "StackLimit", "Type": "int"},
    {"Name": "RealStackLimit", "Type": "int"},
    {"Name": "LastScriptId", "Type": "int"},
    {"Name": "NextTemplateSerialNumber", "Type": "int"},
    {"Name": "ArgumentsAdaptorDeoptPCOffset", "Type": "int"},
    {"Name": "ConstructStubCreateDeoptPCOffset", "Type": "int"},
    {"Name": "ConstructStubInvokeDeoptPCOffset", "Type": "int"},
    {"Name": "GetterStubDeoptPCOffset", "Type": "int"},
    {"Name": "SetterStubDeoptPCOffset", "Type": "int"},
    {"Name": "InterpreterEntryReturnPCOffset", "Type": "int"}
]